{
    "now": "2024-06-30T19:02:09.404Z",
    "perfNow": 4121856.299999997,
    "diagnosticCorrelation": "7e185f8f-136c-4d55-add2-9dccd1f1ef13",
    "source": "DownloadSupportFiles",
    "environment": {
        "productName": "adf",
        "buildVersion": "1.0.062124.5",
        "environmentType": 3,
        "resourceName": "DemoADF-Sandeep",
        "resourceRegion": "eastus",
        "resourceGroup": "CT_COE_DE_SANDEEP",
        "subscriptionId": "e206c570-0e52-406e-b810-5fe008cee660",
        "sessionId": "EH3kWzPyQs4Gb60d1qgLiB",
        "operationId": "",
        "gitType": "live",
        "loggingKey": "3d742330-3aaa-43c7-b9f4-86568b891d0d"
    },
    "additionalInfo": {
        "selectedResource": "Binary2",
        "selectedResourceType": "dataset"
    }
}